,source_name,source_id,source_country
0,International Business Times,no-id,us
1,The Indian Express,no-id,in
2,CNA,no-id,sg
3,Globalsecurity.org,no-id,us
4,The Punch,no-id,ng
5,Forbes,no-id,us
6,NPR,no-id,us
7,ReadWrite,no-id,us
8,Gizmodo.com,no-id,us
9,Boing Boing,no-id,us
10,Android Central,no-id,gb
11,Digital Trends,no-id,us
12,Phys.Org,no-id,gb
13,Deadline,no-id,us
14,Euronews,no-id,eu
15,Marketscreener.com,no-id,fr
16,GlobeNewswire,no-id,us
17,BBC News,no-id,gb
18,ETF Daily News,no-id,us
19,AllAfrica - Top Africa News,no-id,af
